Simulation,D1,D2,K,O,best_delay1,best_mse,best_k,best_mae,best_r2,best_aic,best_bic,k_lower_limit,k_upper_limit,abs_error_delay1,abs_error_k
1,19.541317680384964,79.69258412800262,-2.273493401007727,1.054767977911979,73.0,0.5279349935026769,-1.7738166755020368,0.5955858375193173,0.4675373516803327,224.10858946395157,226.72370998079285,-2.1493777597939507,-1.3982555912101227,53.458682319615036,0.49967672550569
2,18.51985256606713,78.22516600706149,3.7408541992772366,1.7229816881008446,74.0,2.0892528270986013,2.4813565463817855,1.185585065427659,0.3003036458689502,363.0430405166902,365.6581610335315,1.7299082419433889,3.232804850820182,55.48014743393287,1.2594976528954511
3,34.31485790992156,34.20876858534757,-3.0366598174441606,2.676775650586933,26.0,0.12976957456251276,-1.1218537601569576,0.2851094584896662,0.7851032967571893,82.38409833924251,84.99921885608377,-1.2382993800316127,-1.0054081402823025,8.314857909921557,1.914806057287203
4,18.46659193793312,78.80234798009042,-1.9720986008178445,3.2401071987114847,76.0,0.7692196180681207,-1.5053990322850057,0.7148041174524893,0.2871597627477316,262.1253288378589,264.74044935470016,-1.975965932826903,-1.0348321317431084,57.53340806206688,0.4666995685328388
5,24.707870223093774,30.61247957625892,-0.5464553798083216,3.413189460057765,22.0,0.06617038663340574,-0.29356680238146243,0.2068219650640215,0.35580630993160434,14.357836665043578,16.972957181884837,-0.37193570870973963,-0.21519789605318523,2.7078702230937743,0.25288857742685916
6,36.573636069428176,19.94656137994025,-3.6944464582484215,2.0535504766739905,19.0,0.46313152489848386,-1.4248435250509495,0.5724856360328288,0.6622332188837802,210.881420095022,213.49654061186328,-1.6267292412708183,-1.2229578088310806,17.573636069428176,2.269602933197472
7,24.50493817823008,42.16795252135489,-4.339023815700784,3.5294378749094903,26.0,1.2850214455642646,-1.8081828850948551,0.9738209430848411,0.4893934471011302,313.9538998510059,316.56902036784714,-2.1746136291898512,-1.4417521409998588,1.4950618217699194,2.530840930605929
8,28.79852260882035,9.615254338015802,4.525465426268056,1.597313668113202,14.0,2.333210308712068,2.292073043932777,1.2665877317682896,0.5180716536785754,374.1973422574549,376.8124627742962,1.85348154725262,2.7306645406129344,14.798522608820349,2.233392382335279
9,21.231501566711813,74.93404345412273,-1.762413956457749,2.5136792487464845,76.0,0.5186927817251608,-1.184254333031164,0.5845601715084723,0.2699171020570842,222.3247888125743,224.93990932941557,-1.5706669532654312,-0.7978417127968966,54.76849843328819,0.5781596234265851
10,19.043205899652094,18.45874015928712,-4.358066915301606,1.683220834005624,15.0,0.21655653218431456,-2.5546371991109917,0.3733551489428908,0.9341479196054985,134.1053153612648,136.72043587810606,-2.6892051345397494,-2.420069263682234,4.043205899652094,1.8034297161906143
11,36.87206204654649,62.82184673531447,-0.2471836807671934,2.8250462976284325,80.0,0.05839258727849981,-0.25658082168778884,0.194485951904575,0.1034148474718507,1.7283846432824248,4.3435051601236845,-0.406467815138881,-0.10669382823669674,43.12793795345351,0.009397140920595431
12,38.15391731215641,31.17440241936129,-4.002360332524404,3.5812883111648266,28.0,0.16994001089511152,-1.7210410908552358,0.33840341498059956,0.8612646428306604,109.62229579652617,112.23741631336743,-1.85808253975513,-1.5839996419553417,10.153917312156409,2.281319241669168
13,44.750757889356464,84.32338023313785,-0.2133615093771368,3.1746751586906607,80.0,0.056724721890816246,-0.250588020211839,0.19043903238937276,0.10173142536252311,-1.1984765527879517,1.416643964053308,-0.3983188974318189,-0.10285714299185914,35.249242110643536,0.037226510834702214
14,36.18019243935123,70.82734649966005,0.8750868134666234,4.6600211639888585,48.0,0.08803470770298592,0.28332506092487775,0.242833664098224,0.21812533170683013,43.19314591623109,45.80826643307235,0.176901951682714,0.3897481701670415,11.81980756064877,0.5917617525417457
15,36.481382764410235,12.683230827678926,-3.162916119908914,1.869856373872608,17.0,0.9905963963256634,-1.355416510454824,0.8260884854693141,0.4607799510708164,287.6713259401455,290.28644645698677,-1.6463169874137107,-1.0645160334959372,19.481382764410235,1.80749960945409
16,26.29055368946865,71.93783677939791,-0.5999049672391265,4.488339740317314,80.0,0.09743812245411214,-0.4491674175071031,0.25250248013578563,0.17480201366684456,53.44327156892098,56.058392085762236,-0.6427871173172677,-0.25554771769693846,53.70944631053135,0.15073754973202336
17,13.523130897898229,56.642694049631245,-4.390829714247957,4.363569350447506,78.0,5.103889808952063,-4.231041927224051,1.7797326360896937,0.2998878040476366,453.2558823294261,455.87100284626734,-5.513629954977535,-2.9484538994705662,64.47686910210177,0.15978778702390617
18,13.064709662925452,59.57624540769029,-0.937341620447114,1.2644624295644462,73.0,0.16413705275937387,-0.9192666235324866,0.31870421611022715,0.4313396880010396,106.1131789354298,108.72829945227106,-1.128674819273336,-0.7098584277916371,59.93529033707455,0.01807499691462744
19,32.2071108748205,72.04691607214045,0.8957978838589042,1.3239166899584234,11.0,0.08278149898360918,0.21622217337883057,0.24215077968523063,0.21703708907385222,36.97896454407919,39.59408506092045,0.13474437627345662,0.2976999704842045,21.2071108748205,0.6795757104800737
20,20.981196189764887,31.96161243959796,-3.6562309449072927,3.7759221256710584,22.0,0.6998717954175726,-2.038601511271997,0.6817459380042343,0.715765119445928,252.58291458561774,255.19803510245902,-2.29347296490273,-1.783730057641264,1.018803810235113,1.6176294336352957
21,33.15067443577573,56.825357693596736,-2.7197519142646343,1.480275070760399,13.0,0.27391482830284136,-0.7713991539792779,0.45343897632858754,0.5121979834473158,157.83683898815266,160.45195950499394,-0.9207533591428214,-0.6220449488157345,20.150674435775727,1.9483527602853563
22,43.767599599901594,78.44093726074787,0.3826929058413952,3.3672926598228514,49.0,0.057153426145463794,0.12617653239113855,0.18853114512854327,0.07697615357447551,-0.4380262817815037,2.177094235059756,0.03949184672978391,0.2128612180524932,5.232400400098406,0.2565163734502567
23,31.59709141822532,31.908440927392803,-0.1168293610680848,1.4498843154869974,80.0,0.05524308187624753,-0.24037933315800014,0.18753375548524143,0.09666432118363166,-3.871644587376295,-1.2565240705350353,-0.38616809191776275,-0.09459057439823754,48.40290858177468,0.12354997208991535
24,28.33967986190692,18.05218123004306,0.3213044570293277,3.376156684476882,20.0,0.0665371640682297,0.13326305605714528,0.20024675627092373,0.1048313103931009,14.916126152636252,17.53124666947751,0.0560035128321959,0.21052259928209466,8.33967986190692,0.18804140097218242
25,32.79691274603829,4.659662122954615,-2.0843065541703254,3.862354466225952,56.0,1.1750066239278347,1.8348954450886197,0.8373850014519574,0.39402064509753654,304.91423598887184,307.5293565057131,1.3834386635297418,2.2863522266474976,23.203087253961712,3.919201999258945
26,42.286359669175,84.35979570483323,-4.737547567347065,1.2654046970419586,74.0,0.6745338032114886,-2.0569092398220765,0.623376809561334,0.4773868891957609,248.8585013551761,251.47362187201736,-2.483887210569369,-1.629931269074784,31.713640330825,2.680638327524988
27,14.96370202070102,16.604965889942832,1.719472334953025,3.9883849225007,15.0,0.08586003101540844,1.3485759899273033,0.23195606526537876,0.9088468034953292,40.66686135704535,43.28198187388661,1.263843207902844,1.4333087719517625,0.03629797929898082,0.37089634502572166
28,15.064479906577615,53.01246921683196,-4.269299487350509,2.6667801286093886,76.0,3.608701431071488,-3.5407549533410276,1.4712859491557824,0.32204679214076726,418.2437310253335,420.85885154217476,-4.559983727370862,-2.521526179311193,60.93552009342238,0.7285445340094809
29,23.6155263572,53.860868249437765,3.7398873490747055,2.043109294492752,20.0,1.1306029361709176,1.0367251924738559,0.9676694906894197,0.29433726940664073,301.02344099541045,303.6385615122517,0.7182504116480184,1.3551999732996933,3.6155263572000003,2.7031621566008495
30,7.449986201245338,66.88098379981238,2.9385567258577794,3.35477203829214,73.0,3.1356234155572045,3.164134190575694,1.4768856479203962,0.31991731870133955,404.05121281355554,406.6663333303968,2.2488576968105227,4.079410684340866,65.55001379875466,0.22557746471791473
31,8.858500503469257,20.7562061190838,-4.6385439892765135,4.017758975271136,13.0,2.3171522217891813,-3.8098766398201795,1.2529461945581324,0.7517218883564784,373.49981675707454,376.1149372739158,-4.244273788379021,-3.3754794912613377,4.141499496530743,0.8286673494563339
32,2.2477346858941014,69.05170061008539,-2.6441970968153328,4.30783369904384,71.0,3.115149370968976,-3.8866359749723194,1.5352220237473133,0.41894847297309723,403.38957113526294,406.0046916521042,-4.794741497842494,-2.9785304521021456,68.7522653141059,1.2424388781569866
33,38.124038759153336,21.700387287302878,-3.7858026672620326,1.123183231335133,13.0,0.2489246034218934,-1.2800363434530875,0.4295121144977161,0.7608498396341327,148.17445589424304,150.7895764110843,-1.4224145752969681,-1.1376581116092068,25.124038759153336,2.5057663238089454
34,18.965779857244343,45.68645752838347,2.7208744909148663,2.3484261273406446,18.0,0.7232470352258942,0.9531734108737849,0.7611081739532565,0.3629900395548671,255.9011358357111,258.5162563525524,0.7026587715990789,1.203688050148491,0.9657798572443426,1.7677010800410815
35,22.97350197890773,31.9512724672677,1.9833933457266535,3.763525473419577,24.0,0.1637808364750826,1.0125586145687748,0.3363983536310855,0.7153138212457908,105.89374681509503,108.50886733193629,0.8858253887582832,1.1392918403792665,1.0264980210922694,0.9708347311578787
36,44.2261340576224,38.86371307133231,-3.816998858237639,2.2803244856186207,23.0,0.12170938838032368,-0.9283719731969537,0.27834724915757303,0.7448234965305693,75.90755073606121,78.52267125290247,-1.0361800034074093,-0.8205639429864983,21.226134057622403,2.8886268850406855
37,24.01537064788863,53.016744854976416,-1.656544281868264,1.8227108675055208,78.0,0.26758166774344283,-1.0611964075458222,0.4089715738258876,0.339482456265325,155.47420732156445,158.08932783840572,-1.3548698776922892,-0.7675229373993553,53.98462935211137,0.5953478743224419
38,11.390934981871396,75.81160350178834,4.65222654514946,2.5813385634683077,75.0,6.5936007945864255,4.209506326476522,2.089660685943273,0.2775478787980168,479.1216435205698,481.7367640374111,2.862088841392251,5.556923811560792,63.609065018128604,0.44272021867293887
39,3.050105853471905,16.653508703806438,2.5388899899553508,4.583536233287305,8.0,1.1087283471210445,2.2487098809401296,0.8809977157574929,0.6925431059900808,299.0501699687625,301.66529048560375,1.9514491276602768,2.5459706342199824,4.949894146528095,0.2901801090152212
40,2.3833863358013327,12.0839451685315,-2.040034892270341,1.565013378392905,7.0,0.4640106658267403,-1.8836884362554807,0.5915770282139412,0.7906829404003477,211.0729619345683,213.68808245140957,-2.0759735366045664,-1.691403335906395,4.616613664198667,0.1563464560148604
41,1.361118130851537,44.78699148178566,-4.099973588017747,1.846654073800892,70.0,5.5103379963393255,-5.691649748214395,1.9254543459386118,0.46663246741449194,460.994806034155,463.60992655099625,-6.898905855882468,-4.4843936405463225,68.63888186914846,1.5916761601966485
42,17.94013882940635,81.1200901385164,3.907916567986831,3.0553071484901007,75.0,2.99277758168948,2.552997234079437,1.407966594623136,0.23741312779600354,399.34197694819716,401.95709746503843,1.6452225332875814,3.4607719348712926,57.05986117059365,1.354919333907394
43,16.438718808349222,61.59429343941156,0.558160728542134,4.61632915539667,86.0,0.12685703044418256,0.4295991844121565,0.2935455712921468,0.0732995937804427,80.09143201777266,82.70655253461392,0.12654675199267423,0.7326516168316388,69.56128119165078,0.12856154412997756
44,11.112368256319314,25.974381519830786,4.3207856838125736,3.3219478637911375,15.0,1.9537788059328052,2.940716513728337,1.1981914606432533,0.6756913881022524,356.27188371034833,358.8870042271896,2.5365189957284007,3.344914031728273,3.8876317436806858,1.3800691700842367
45,24.6824934524484,83.98520204762463,1.818739763693884,4.412088635843247,75.0,0.5276235396050364,0.6642494496404666,0.6054586791646613,0.10677910485099829,224.04898718972817,226.66410770656944,0.2830932961203348,1.0454056031605985,50.3175065475516,1.1544903140534175
46,42.98697528289631,85.34314724209251,2.689658199669793,1.3943422404117882,11.0,0.24356762527441367,0.5452606957816355,0.4302948988182882,0.3746563860503319,145.97715773910338,148.59227825594465,0.4055008488232581,0.6850205427400129,31.98697528289631,2.1443975038881575
47,3.329629132989794,73.08384705346542,-2.62094181147404,3.918703924398869,72.0,3.4451154780847166,-3.796608310465564,1.6148345071948609,0.38257670942083977,413.55828357102223,416.1734040878635,-4.75350150865912,-2.8397151122720077,68.6703708670102,1.1756664989915238
48,22.9320531305857,14.385002176160924,0.3937162330839783,3.0396555182524025,15.0,0.06891962877073743,0.21151382703781044,0.1989532751551545,0.23404395186973548,18.469344082004397,21.084464598845656,0.13559885960901663,0.28742879446660424,7.9320531305857,0.18220240604616786
49,23.06106133433059,14.65127202065196,-4.539396424079314,3.151062638033181,17.0,0.6512595302552171,-2.8846404299919537,0.662944141896677,0.8548028941704069,245.3120314318682,247.92715194870948,-3.1205106473551485,-2.648770212628759,6.061061334330589,1.6547559940873602
50,35.26674957154319,81.65887168643529,1.7294062033761293,4.470975593198091,49.0,0.2454342173926288,0.3375304591363874,0.42521424890260373,0.12201329335419175,146.74822526132414,149.3633457781654,0.1578963523789379,0.5171645658938369,13.733250428456813,1.3918757442397418
51,38.387484818231314,58.97716332075652,4.724220939679071,2.9451444265432656,29.0,0.7654674275183991,0.8356103729470186,0.7661445156024712,0.24029785183600927,261.6314535533402,264.24657407018145,0.5408385354122287,1.1303822104818084,9.387484818231314,3.8886105667320527
52,10.114247138146313,83.18706711649429,-0.3212709433864802,4.656259706709534,78.0,0.09697169876014274,-0.5323620070878692,0.2551544336467159,0.26303509761329835,52.95863675794391,55.573757274785166,-0.7091525537700666,-0.3555714604056718,67.88575286185369,0.21109106370138897
53,27.765837521757927,63.07321123534348,2.2208030929323286,4.290948875714093,36.0,0.5099481994684268,0.4751091449841324,0.6331940610790727,0.12787797242798316,220.6075247700453,223.22264528688657,0.22894795645068883,0.7212703335175761,8.234162478242073,1.745693947948196
54,4.562185644637792,19.128436544328,-1.247321501141414,1.1882619471289215,7.0,0.2276208830931027,-0.9401559530358417,0.39964554450591677,0.6573237196769575,139.1381271344474,141.75324765128866,-1.0748311760817106,-0.8054807299899728,2.4378143553622076,0.3071655481055724
55,2.8809038712643087,3.478359319153242,0.9654652245808392,2.038948189932853,3.0,0.060569608889278974,0.962204680919368,0.1978581814604854,0.88324162439811,5.425420174260694,8.040540691101953,0.8927970602591602,1.0316123015795757,0.11909612873569131,0.0032605436614712158
56,20.561381647828966,60.514654130791314,-1.6450192674528807,2.0149471047334373,76.0,0.34553491803641295,-1.1900625658191462,0.4649459113778968,0.3591535146024274,181.29676456641548,183.91188508325675,-1.505448391246756,-0.8746767403915363,55.438618352171034,0.4549567016337346
57,5.996039734687656,72.82595738430973,4.513442703755572,4.579610808286816,74.0,9.83093906031053,5.45676890720761,2.6262828706455044,0.30608695402679964,519.4645641307955,522.0796846476367,3.8267182110102054,7.086819603405014,68.00396026531234,0.9433262034520373
58,18.643416868057106,33.7925454051001,0.6819766492117196,3.020303233060986,20.0,0.07784827452557104,0.30030644345299573,0.22582492826316547,0.33699733420194433,30.773235658501335,33.388356175342594,0.21673758140663538,0.3838753054993561,1.3565831319428945,0.3816702057587239
59,9.317899488378316,22.361022843862884,-1.715954408282414,1.5892887371592224,12.0,0.31976668218243914,-1.2177787543876102,0.4711793727864959,0.6935116975242226,173.4690533096221,176.08417382646337,-1.3783929336114975,-1.0571645751637229,2.682100511621684,0.4981756538948039
60,33.85860715666786,11.464755870285444,4.849707674002274,1.052374936174601,11.0,1.5202476905277649,1.9818509406214289,1.046821936747046,0.5591021705030941,330.9317845709369,333.54690508777816,1.6326866579939825,2.3310152232488752,22.85860715666786,2.867856733380845
61,40.82597516989336,40.81064589379821,-0.4886699991766363,2.403342211153358,23.0,0.059452497856276126,-0.159144366758365,0.19297986816840101,0.149364872547171,3.545242002440034,6.160362519281294,-0.2344927822564276,-0.08379595126030236,17.82597516989336,0.32952563241827126
62,21.15561128454283,87.54754466481971,-2.6359667407814413,4.0642141248099515,76.0,1.3326121812943894,-1.6053314978026745,0.9400167669032472,0.2091272984010063,317.626830979733,320.24195149657425,-2.224698536245782,-0.9859644593595668,54.84438871545717,1.0306352429787669
63,16.49006943264976,65.23167085985187,-1.4704181102570146,3.8759810836054394,80.0,0.5516877125626973,-1.4212873552483976,0.5972931290669696,0.2725171877982875,228.55349748580912,231.1686180026504,-1.8820017106357023,-0.9605729998610928,63.50993056735024,0.04913075500861708
64,9.91780567029491,45.84811686736066,0.4897954396437853,3.5087886373512447,75.0,0.1180980712761186,0.37198350580430223,0.27519614463570274,0.14346298287859816,72.86535510117909,75.48047561802035,0.19165588344336237,0.5523111281652421,65.08219432970509,0.11781193383948307
65,27.356018657330424,52.08123722241726,4.3057986872736365,1.2081824638880787,11.0,0.6875645905616461,1.3083753195794046,0.7382367703944235,0.5499581718746018,250.79103380873948,253.40615432558076,1.0735583998824882,1.5431922392763209,16.356018657330424,2.997423367694232
66,42.62980582611635,12.096850183908828,3.372278915485367,4.022519440855831,63.0,2.074855091916355,-3.1149507634138,1.0472464806468937,0.4274250345114332,362.34460662567045,364.9597271425117,-3.830225390559474,-2.399676136268126,20.370194173883647,6.487229678899167
67,33.89071937976405,85.45941764453892,-0.6208553409669548,1.2489212430082262,76.0,0.06909396007621722,-0.4775162425139677,0.20986422809051597,0.3109375947231602,18.724499699143678,21.339620215984937,-0.6185477805713911,-0.3364847044565442,42.10928062023595,0.14333909845298715
68,14.478765456471592,35.14876520901453,4.1520708601456136,1.438888322096318,11.0,1.0979662528621634,1.929586610440938,0.9480235104381552,0.6246850008601629,298.0650040665401,300.68012458338137,1.632852733131477,2.226320487750399,3.478765456471592,2.2224842497046753
69,23.64902994362637,50.23125616402831,2.443210621131584,3.0969233443029225,25.0,0.5396042562522797,0.7362993848472638,0.6542133403555102,0.28049842186125395,226.3167377516387,228.93185826847997,0.5023399653148719,0.9702588043796556,1.3509700563736295,1.7069112362843204
70,18.440895148087293,29.75019415852148,2.954425484640524,4.446248284075409,21.0,0.475937588568376,1.7382842021825142,0.5849940787698151,0.7317342921928747,213.63626017752142,216.2513806943627,1.5294690098207149,1.9470993945443136,2.559104851912707,1.2161412824580096
71,42.77624483173713,18.742073516245,-3.123998976079747,2.2156422822736204,19.0,0.5547227464776305,-1.102535520042516,0.6183177052635828,0.4949766362982204,229.10761226624422,231.7227327830855,-1.3234841984447225,-0.8815868416403093,23.77624483173713,2.021463456037231
72,10.853436703328043,89.15468491858337,-0.100268175592646,4.436290557961911,78.0,0.05912855115762686,-0.2822961541747013,0.19565940131843046,0.14133067322844284,2.9934051241257293,5.608525640966989,-0.42034575514937067,-0.14424655320003185,67.14656329667196,0.18202797858205527
73,35.98911198461428,68.66283530567307,-0.916490367380902,1.8860977725125847,78.0,0.08953957162075665,-0.5025741926622379,0.24233176219249325,0.2562264140578031,44.90504805665876,47.520168573500015,-0.6724548931367489,-0.3326934921877269,42.01088801538572,0.41391617471866404
74,15.171897458378226,78.0047651847126,3.705341111635789,2.9219596958719194,75.0,3.2731674796334587,2.7638035710456177,1.4710952322217257,0.2501539591494921,408.3871582994394,411.0022788162807,1.8144566027489097,3.7131505393423256,59.828102541621774,0.9415375405901711
75,8.450132195372134,38.76416389655788,2.172487744828686,3.711318403016776,74.0,1.3689248040360016,2.354272907890306,0.9151593495483145,0.3709325141368085,320.3421710384424,322.9572915552837,1.7460070978283109,2.962538717952301,65.54986780462787,0.18178516306161985
76,30.690885791089386,61.970343599445194,3.4159844054374844,3.087585110682994,27.0,0.79439621670844,0.6325789216500098,0.7902165337616041,0.1559472175817752,265.37811790721713,267.9932384240584,0.3406036054248123,0.9245542378752074,3.6908857910893857,2.7834054837874747
77,21.939873461145908,32.807768800179474,2.600533236982301,4.813734285067767,25.0,0.3252818329911797,1.4948050002942987,0.48466768788653297,0.727183981884699,175.19619101334507,177.81131153018634,1.3131561070310245,1.676453893557573,3.0601265388540924,1.1057282366880021
78,7.439744091127069,88.87151748209726,2.529699938604608,1.6060304422862828,72.0,2.2839325394434757,2.6103013333975293,1.2849606471519253,0.30643232552536015,372.0413579837533,374.6564785005946,1.8311833806510163,3.3894192861440424,64.56025590887293,0.08060139479292117
79,40.91241443762556,2.678148154518567,-2.285903835436329,4.629410612862557,59.0,1.8677008759855185,1.8654910266336056,1.0304684782447504,0.26459296610847793,351.72111153926306,354.33623205610434,1.2484652037896433,2.482516849477568,18.087585562374443,4.151394862069934
80,13.525046351831406,42.929808517568745,2.3353611084166914,4.144142411183566,20.0,1.18444620818278,1.143590229810833,0.9617936578133377,0.32635359837605415,305.7223920863561,308.33751260319735,0.8176202062373541,1.4695602533843117,6.474953648168594,1.1917708786058585
81,27.76585368765518,37.88785379554611,-0.3843836078885942,1.1749144946224988,76.0,0.05992497241779969,-0.3297961819017133,0.1962240638093904,0.19883170077883927,4.344725854355204,6.9598463711964635,-0.4611371222388664,-0.19845524156456015,48.23414631234482,0.05458742598688093
82,3.249618083704263,30.590497092693116,1.189039059681818,2.82036353694275,70.0,0.5522442235666909,1.496570478041188,0.6082836022809506,0.37638375378790623,228.65532915554385,231.27044967238513,1.1143835024307889,1.878757453651587,66.75038191629574,0.30753141835937003
83,19.617128311190758,23.91954962199088,0.4218169546220451,2.7808208693750203,20.0,0.05980708164934341,0.21161119759147995,0.19207376894046796,0.2472800098936897,4.1458322238281085,6.760952740669368,0.1383631086321756,0.2848592865507843,0.38287168880924227,0.21020575703056515
84,20.65737035078928,23.40822958026547,-4.23354099621065,1.6244037677533925,17.0,0.2736619439793714,-2.19376741836757,0.40778124123166676,0.8901460293767228,157.74355044934248,160.35867096618375,-2.346665932615183,-2.0408689041199573,3.6573703507892787,2.0397735778430794
85,20.62658447911963,15.910171023686416,1.212800397770479,4.9503235830925405,17.0,0.09970857002447826,0.8816521485705688,0.25296212360002424,0.7822317177112164,55.76971530081531,58.384835817656565,0.7893605208949355,0.9739437762462022,3.6265844791196287,0.33114824919991026
86,28.47792462212965,12.943053645431064,0.6129995046649128,3.8361466112546623,17.0,0.11330718597835632,0.324862126248659,0.26956514010830496,0.30028838670695523,68.68266215734837,71.29778267418963,0.2264780554188764,0.42324619707844163,11.477924622129649,0.2881373784162538
87,6.759856487158686,18.086906289798208,3.713536217110232,2.067629419732839,10.0,1.1759963055656544,2.9103728844996666,0.9167545496733267,0.780279480661363,304.9992702098592,307.6143907267005,2.603968987903219,3.2167767810961143,3.240143512841314,0.8031633326105654
88,24.488107512239367,31.3941154187778,2.861589650856331,1.701839702669531,19.0,0.20747738966078602,1.0966166995393536,0.3668121866131196,0.7216349997474103,129.7795597227309,132.39468023957218,0.9614907345039554,1.2317426645747518,5.488107512239367,1.7649729513169774
89,1.1319704814814031,85.77157085074577,-4.906168220331892,2.490867639426142,70.0,10.371116701979487,-7.0926094914402285,2.813157115484344,0.41922365410144447,524.8670786362351,527.4821991530763,-8.74884866536635,-5.4363703175141085,68.8680295185186,2.186441271108336
90,9.590214191470295,11.936058036866598,3.9314255386125296,4.77177814161405,11.0,0.23039270812342622,3.6651145236488594,0.38301352587274523,0.9662361984782533,140.36061376480427,142.97573428164554,3.5291871266418,3.8010419206559187,1.4097858085297048,0.26631101496367027
91,10.199478717055172,17.7493935682578,4.072521167108789,2.1280689653940494,11.0,0.6695241622333777,2.9630602836402353,0.6811795721828947,0.865525603452767,248.10559322936612,250.7207137462074,2.731344422383538,3.1947761448969327,0.8005212829448283,1.1094608834685538
92,44.84927799971774,43.94745397416409,-4.323736993828788,1.6956016491167247,23.0,0.1725651398972741,-0.9432774135257558,0.33692777662668894,0.680029857989614,111.17055409621497,113.78567461305623,-1.0716480235307908,-0.8149068035207209,21.849277999717742,3.3804595803030324
93,33.88910349691287,6.437328006722964,-2.706202402478084,2.7096196305938065,56.0,1.6724236384822013,2.146404263436067,0.993046851014494,0.38465655887524297,340.56724304892475,343.182363565766,1.6078007620176384,2.685007764854496,22.110896503087133,4.852606665914151
94,24.005606947932392,63.65885637502652,1.115445006871596,1.8234419510699809,75.0,0.16152192114875777,0.43708610833364153,0.3239950361496566,0.14462638878054734,104.49102821014941,107.10614872699067,0.2261958155467756,0.6479764011205075,50.99439305206761,0.6783588985379545
95,20.75083901779726,51.264036211767234,1.2500501715112478,1.3557648588903248,11.0,0.1384136334542642,0.43083903910453936,0.31763490523222543,0.39694687963759945,88.89720167105037,91.51232218789163,0.3254823606928937,0.536195717516185,9.750839017797261,0.8192111324067084
96,21.598787299823016,5.57318256807048,-0.1637583400588482,4.097774809692055,49.0,0.05334067374981722,0.23249508778264802,0.1822879242427849,0.23276836108166366,-7.411085329521313,-4.795964812680054,0.14875170651700115,0.3162384690482949,27.401212700176984,0.3962534278414962
97,2.247930684592575,71.41534606472123,-3.685969406506047,2.4169305604882534,71.0,6.085938833142588,-5.371147594846264,2.1486898574030153,0.41343087012993474,471.0296648087541,473.64478532559536,-6.640437045672007,-4.101858144020522,68.75206931540743,1.6851781883402173
98,9.206256777513772,47.06137594988104,1.5368137008044869,2.714454797562212,74.0,0.6806784708156483,1.470736601522135,0.6524809132658839,0.3163785917365277,249.7743957767697,252.38951629361097,1.0418182611862423,1.8996549418580277,64.79374322248623,0.06607709928235184
99,7.747758197132498,16.88763011514675,-2.292510209372267,2.9293673918582495,12.0,0.42841336392591794,-1.9611438261925789,0.5491095255280168,0.8141326943326272,203.01124236909067,205.62636288593194,-2.1470521273043843,-1.7752355250807734,4.252241802867502,0.33136638317968825
100,43.394236841704696,16.771640204708092,-4.856063280021772,2.117001926060766,19.0,1.7679627595818077,-1.7241396426518532,1.0997612109700061,0.42923386808217356,346.1782016486186,348.79332216545987,-2.1185878415041968,-1.3296914437995098,24.394236841704696,3.1319236373699186
